-- phpMyAdmin SQL Dump
-- version 5.2.1
-- https://www.phpmyadmin.net/
--
-- Hôte : 127.0.0.1
-- Généré le : sam. 14 déc. 2024 à 16:17
-- Version du serveur : 10.4.32-MariaDB
-- Version de PHP : 8.2.12

SET SQL_MODE = "NO_AUTO_VALUE_ON_ZERO";
START TRANSACTION;
SET time_zone = "+00:00";


/*!40101 SET @OLD_CHARACTER_SET_CLIENT=@@CHARACTER_SET_CLIENT */;
/*!40101 SET @OLD_CHARACTER_SET_RESULTS=@@CHARACTER_SET_RESULTS */;
/*!40101 SET @OLD_COLLATION_CONNECTION=@@COLLATION_CONNECTION */;
/*!40101 SET NAMES utf8mb4 */;

--
-- Base de données : `galeris`
--

-- --------------------------------------------------------

--
-- Structure de la table `categorie`
--

CREATE TABLE `categorie` (
  `id_categorie` int(11) NOT NULL,
  `Nom_categorie` varchar(50) DEFAULT NULL
) ENGINE=InnoDB DEFAULT CHARSET=utf8mb4 COLLATE=utf8mb4_general_ci;

--
-- Déchargement des données de la table `categorie`
--

INSERT INTO `categorie` (`id_categorie`, `Nom_categorie`) VALUES
(2, 'Tableaux'),
(3, 'Scupltures');

-- --------------------------------------------------------

--
-- Structure de la table `code`
--

CREATE TABLE `code` (
  `ID` int(11) NOT NULL,
  `code` int(11) DEFAULT NULL,
  `date_expiration` datetime DEFAULT NULL,
  `ID_user` int(11) DEFAULT NULL
) ENGINE=InnoDB DEFAULT CHARSET=utf8mb4 COLLATE=utf8mb4_general_ci;

--
-- Déchargement des données de la table `code`
--

INSERT INTO `code` (`ID`, `code`, `date_expiration`, `ID_user`) VALUES
(1, 789551, '2024-11-28 00:00:00', 6),
(2, 467518, '2024-11-28 21:55:06', 8),
(3, 158915, '2024-12-07 18:07:10', 6),
(4, 418626, '2024-12-07 18:09:40', 6),
(5, 638006, '2024-12-07 18:13:32', 6),
(6, 464135, '2024-12-07 18:15:11', 6),
(7, 726919, '2024-12-07 18:18:55', 6),
(8, 114853, '2024-12-07 18:20:44', 6),
(9, 268463, '2024-12-07 18:24:27', 6),
(10, 616024, '2024-12-07 18:26:57', 6),
(11, 598720, '2024-12-07 18:28:40', 6),
(12, 650337, '2024-12-07 18:30:44', 6),
(13, 731010, '2024-12-07 18:32:08', 6),
(14, 720782, '2024-12-07 18:33:31', 6),
(15, 556622, '2024-12-07 18:35:47', 6),
(16, 108315, '2024-12-07 18:39:34', 6),
(17, 723109, '2024-12-07 18:41:01', 6),
(18, 793663, '2024-12-07 18:49:52', 6),
(19, 555981, '2024-12-07 18:52:41', 6),
(20, 931497, '2024-12-07 18:54:15', 6),
(21, 867348, '2024-12-07 18:58:11', 6),
(22, 318040, '2024-12-07 19:06:10', 6),
(23, 910774, '2024-12-07 19:08:27', 6),
(24, 128631, '2024-12-07 19:12:14', 6),
(25, 691685, '2024-12-08 16:44:49', NULL),
(26, 161912, '2024-12-08 16:46:56', NULL),
(27, 878221, '2024-12-08 16:48:37', 6),
(28, 942713, '2024-12-08 16:50:32', 6),
(29, 502946, '2024-12-08 16:54:45', 6),
(30, 182535, '2024-12-08 16:54:58', 6),
(31, 371505, '2024-12-08 16:56:48', 6),
(32, 636136, '2024-12-08 16:56:59', 6),
(33, 659169, '2024-12-08 16:57:24', 6),
(34, 264346, '2024-12-08 17:36:30', 6),
(35, 313561, '2024-12-08 17:41:22', 6),
(36, 980392, '2024-12-08 17:42:15', 6),
(37, 108852, '2024-12-08 17:54:06', 6),
(38, 213628, '2024-12-08 17:56:30', 6),
(39, 144769, '2024-12-08 17:59:42', 6),
(40, 896299, '2024-12-08 17:59:56', 6),
(41, 206563, '2024-12-08 18:00:48', 6),
(42, 851906, '2024-12-09 10:39:15', 6);

-- --------------------------------------------------------

--
-- Structure de la table `exposition`
--

CREATE TABLE `exposition` (
  `id_exhibition` int(11) NOT NULL,
  `titre` varchar(50) NOT NULL,
  `description` varchar(200) DEFAULT NULL,
  `date_debut` datetime NOT NULL,
  `date_fin` datetime NOT NULL,
  `user_id` int(11) DEFAULT NULL,
  `statut` enum('refuse','en attente de validation','valide') DEFAULT 'en attente de validation'
) ENGINE=InnoDB DEFAULT CHARSET=utf8mb4 COLLATE=utf8mb4_general_ci;

--
-- Déchargement des données de la table `exposition`
--

INSERT INTO `exposition` (`id_exhibition`, `titre`, `description`, `date_debut`, `date_fin`, `user_id`, `statut`) VALUES
(1, 'Oeuvre1', 'Test n°1', '2024-12-15 00:00:00', '2024-12-22 00:00:00', NULL, 'en attente de validation');

-- --------------------------------------------------------

--
-- Structure de la table `oeuvre`
--

CREATE TABLE `oeuvre` (
  `id_oeuvre` int(11) NOT NULL,
  `Titre` varchar(50) NOT NULL,
  `Description` varchar(200) DEFAULT NULL,
  `eco_responsable` tinyint(1) DEFAULT 0,
  `Date_debut` datetime DEFAULT current_timestamp(),
  `Date_fin` datetime NOT NULL,
  `Prix` decimal(10,2) DEFAULT NULL,
  `type_vente` enum('Vente','Enchere') NOT NULL,
  `est_vendu` tinyint(1) DEFAULT 0,
  `auteur` varchar(50) DEFAULT NULL,
  `id_utilisateur` int(11) DEFAULT NULL,
  `id_categorie` int(11) DEFAULT NULL,
  `statut` enum('refuse','en attente de validation','accepte') DEFAULT 'en attente de validation'
) ENGINE=InnoDB DEFAULT CHARSET=utf8mb4 COLLATE=utf8mb4_general_ci;

-- --------------------------------------------------------

--
-- Structure de la table `oeuvre_images`
--

CREATE TABLE `oeuvre_images` (
  `id_photo` int(11) NOT NULL,
  `chemin_image` varchar(100) DEFAULT NULL,
  `id_oeuvre` int(11) NOT NULL
) ENGINE=InnoDB DEFAULT CHARSET=utf8mb4 COLLATE=utf8mb4_general_ci;

-- --------------------------------------------------------

--
-- Structure de la table `utilisateur`
--

CREATE TABLE `utilisateur` (
  `id_utilisateur` int(11) NOT NULL,
  `nom` varchar(100) NOT NULL,
  `prenom` varchar(100) NOT NULL,
  `email` varchar(100) NOT NULL,
  `description` varchar(250) DEFAULT NULL,
  `adresse` varchar(100) DEFAULT NULL,
  `roles` enum('Utilisateur','Admin') DEFAULT 'Utilisateur',
  `mot_de_passe` varchar(100) NOT NULL,
  `date_creation` date NOT NULL,
  `newsletter` tinyint(1) NOT NULL DEFAULT 0,
  `actif` tinyint(1) DEFAULT 0
) ENGINE=InnoDB DEFAULT CHARSET=utf8mb4 COLLATE=utf8mb4_general_ci;

--
-- Déchargement des données de la table `utilisateur`
--

INSERT INTO `utilisateur` (`id_utilisateur`, `nom`, `prenom`, `email`, `description`, `adresse`, `roles`, `mot_de_passe`, `date_creation`, `newsletter`, `actif`) VALUES
(6, 'selvaratnam', 'akash', 'kaladevi549@gmail.com', NULL, NULL, 'Utilisateur', '$2y$10$B9t3W4mQGxNvxcIA9DT2x.lCKV/f4ouvlDZfKD5IE1fYVIlMlOkBO', '2024-11-26', 0, 1),
(7, 'selvaratnam', 'akash', 'kaladevi549@gmail.ju', NULL, NULL, 'Utilisateur', '$2y$10$EMfeaZGsM4pt6A4676gI9u2ox6z4.PE14jaM8IAqXDbuEHwqBj4b2', '2024-11-28', 0, 1),
(8, 'selvaratnam', 'akash', 'kaladevi549@gmail.pm', NULL, NULL, 'Utilisateur', '$2y$10$3YzJizisFI1S2EUCiFj0OeNkXgC3oyb2DeWGo4QMsu.QUSYRXI5OK', '2024-11-28', 0, 0),
(10, 'selvaratnam', 'akash', 'kaladevi549@gmail.sss', NULL, NULL, 'Utilisateur', '$2y$10$.PR1AYeC0RqSjMi15T734.HhfPTIcgWVbev0krEkhs/l.kFXKahJO', '2024-12-08', 0, 0),
(11, 'Comes', 'Nicolas', 'nico62497@eleve.isep.fr', NULL, NULL, 'Utilisateur', '$2y$10$Z9JGhdkZ0c5TQtGZwwTk9.hgROea9fO7ZCNmpWT6XJIA2Wdypha1a', '2024-12-14', 0, 1);

--
-- Index pour les tables déchargées
--

--
-- Index pour la table `categorie`
--
ALTER TABLE `categorie`
  ADD PRIMARY KEY (`id_categorie`);

--
-- Index pour la table `code`
--
ALTER TABLE `code`
  ADD PRIMARY KEY (`ID`),
  ADD KEY `ID_user` (`ID_user`);

--
-- Index pour la table `exposition`
--
ALTER TABLE `exposition`
  ADD PRIMARY KEY (`id_exhibition`);

--
-- Index pour la table `oeuvre`
--
ALTER TABLE `oeuvre`
  ADD PRIMARY KEY (`id_oeuvre`);

--
-- Index pour la table `oeuvre_images`
--
ALTER TABLE `oeuvre_images`
  ADD PRIMARY KEY (`id_photo`),
  ADD KEY `id_oeuvre` (`id_oeuvre`);

--
-- Index pour la table `utilisateur`
--
ALTER TABLE `utilisateur`
  ADD PRIMARY KEY (`id_utilisateur`),
  ADD UNIQUE KEY `email` (`email`);

--
-- AUTO_INCREMENT pour les tables déchargées
--

--
-- AUTO_INCREMENT pour la table `categorie`
--
ALTER TABLE `categorie`
  MODIFY `id_categorie` int(11) NOT NULL AUTO_INCREMENT, AUTO_INCREMENT=4;

--
-- AUTO_INCREMENT pour la table `code`
--
ALTER TABLE `code`
  MODIFY `ID` int(11) NOT NULL AUTO_INCREMENT, AUTO_INCREMENT=43;

--
-- AUTO_INCREMENT pour la table `exposition`
--
ALTER TABLE `exposition`
  MODIFY `id_exhibition` int(11) NOT NULL AUTO_INCREMENT, AUTO_INCREMENT=2;

--
-- AUTO_INCREMENT pour la table `oeuvre`
--
ALTER TABLE `oeuvre`
  MODIFY `id_oeuvre` int(11) NOT NULL AUTO_INCREMENT;

--
-- AUTO_INCREMENT pour la table `utilisateur`
--
ALTER TABLE `utilisateur`
  MODIFY `id_utilisateur` int(11) NOT NULL AUTO_INCREMENT, AUTO_INCREMENT=12;

--
-- Contraintes pour les tables déchargées
--

--
-- Contraintes pour la table `code`
--
ALTER TABLE `code`
  ADD CONSTRAINT `code_ibfk_1` FOREIGN KEY (`ID_user`) REFERENCES `utilisateur` (`id_utilisateur`);

--
-- Contraintes pour la table `oeuvre_images`
--
ALTER TABLE `oeuvre_images`
  ADD CONSTRAINT `oeuvre_images_ibfk_1` FOREIGN KEY (`id_oeuvre`) REFERENCES `oeuvre` (`id_oeuvre`);
COMMIT;

/*!40101 SET CHARACTER_SET_CLIENT=@OLD_CHARACTER_SET_CLIENT */;
/*!40101 SET CHARACTER_SET_RESULTS=@OLD_CHARACTER_SET_RESULTS */;
/*!40101 SET COLLATION_CONNECTION=@OLD_COLLATION_CONNECTION */;
